DAY,TIME,PH,SUNLIGHT,HUMIDITY,TEMPERATURE,SOIL MOISTURE,WATER LEVEL
day1,44:46.7,6.63,213,66.5,29.2,682,161
day1,54:48.5,6.81,213,66.6,29.2,685,163
day1,04:50.2,6.74,211,66.1,29.5,684,164
day1,14:51.9,6.67,204,65.7,29.4,682,167
day1,24:53.6,6.74,206,67,29.2,682,169
day1,34:55.3,6.89,206,67,29.2,684,172
day1,44:57.0,7.04,203,68.1,29.2,683,176
day1,54:58.7,7.26,204,67.6,29,683,183
day1,05:00.4,7.63,200,67.7,29.1,684,190
day1,15:02.1,7.92,206,68.1,28.9,682,196
day1,25:03.7,8.11,194,68.1,28.9,684,197
day1,35:05.4,8.03,202,68.8,28.7,684,206
day1,45:07.0,8.37,205,68.2,28.9,684,205
day1,55:08.7,8.25,200,68.8,29,683,222
day1,05:10.4,8.25,198,68.4,28.9,684,230
day1,15:12.0,8.14,201,68,29.1,685,231
day1,25:13.7,8.07,202,69.2,28.9,684,230
day1,35:15.3,7.85,200,68.7,28.7,683,234
day1,45:17.0,7.85,198,71,28.5,683,234
day1,55:18.6,7.77,202,70,28.7,683,234
day1,05:20.2,7.66,200,70.3,28.6,685,211
day1,15:21.8,6,193,70.5,28.6,682,241
day1,25:23.4,7.74,195,70.1,28.6,685,243
day1,35:25.0,7.66,191,70.3,28.5,684,247
day1,45:26.5,7.77,190,70.9,28.3,685,247
day1,55:28.1,7.63,191,70.1,28.5,685,245
day1,05:29.5,7.44,186,70.2,28.2,682,247
day1,15:30.9,7.44,181,70.7,28.2,685,248
day1,25:32.2,7.92,170,71.5,28,684,248
day1,35:33.4,7.07,168,72,28,684,249
day1,45:34.6,7.11,158,71.5,27.9,684,247
day1,55:35.7,6.89,150,71.7,27.8,683,248
day1,05:37.7,6.93,129,71.7,27.9,684,246
day1,15:39.1,6.85,94,71.7,27.7,684,248
day1,25:40.1,6.78,16,71.6,27.6,684,247
day1,35:42.0,6.67,0,71.6,27.7,682,246
day1,45:44.0,6.67,0,71.7,27.6,683,246
day1,55:46.1,6.63,0,71.4,27.7,682,245
day1,05:48.2,6.63,0,69.8,27.7,685,247
day1,15:50.3,6.67,0,66.5,27.6,685,247
day1,25:52.3,6.74,0,66.2,27.7,685,247
day1,35:54.4,6.67,0,67.1,27.7,684,246
day1,45:56.5,6.59,0,65,27.7,685,246
day1,55:58.6,6.63,0,64.5,27.7,682,246
day1,06:00.7,6.59,0,65.7,27.8,685,246
day1,16:02.7,6.59,0,65.7,27.7,684,245
day1,26:04.8,6.56,0,65.6,27.6,684,246
day2,52:33.4,6.48,225,67.2,29.6,684,217
day2,02:35.4,6.67,227,62.5,31.3,683,221
day2,12:37.4,6.89,227,59.6,32.6,685,229
day2,22:39.3,7.33,223,60.9,31.8,685,227
day2,32:41.3,7.33,228,58.6,33,682,223
day2,42:43.3,7.22,228,56.8,33.5,685,219
day2,52:45.2,6.89,223,54.5,34.6,685,216
day2,02:47.1,6.85,227,57.6,33,684,214
day2,12:49.0,6.67,219,56.3,33.7,683,210
day2,22:50.8,6.48,219,61,31.4,686,208
day2,32:52.7,6.33,219,63.5,30.5,684,206
day2,42:54.5,6.19,219,63.4,30.5,686,208
day2,52:56.4,6.33,219,63,30.9,685,207
day2,02:58.2,6.19,217,63.3,30.3,684,207
day2,12:59.9,6.26,211,66.1,29.3,684,208
day2,23:01.7,6.26,210,66,29.3,684,206
day2,33:03.4,6.11,209,66.9,29.1,685,207
day2,43:05.2,6.19,207,68.2,29,684,209
day2,53:06.9,6.33,207,67.1,29,682,207
day2,03:08.7,6.22,209,68.4,29.1,684,208
day2,13:10.4,6.26,210,66.9,29.1,684,210
day2,23:12.2,6.33,211,67.5,29,682,208
day2,33:14.0,6.33,213,66.5,29.3,684,210
day2,43:15.8,6.33,213,66.1,29.3,683,209
day2,53:17.6,6.33,213,66.6,29.5,684,209
day2,03:19.4,6.33,216,66.1,29.4,684,211
day2,13:21.1,6.48,213,65.7,29.6,684,208
day2,23:22.9,6.33,209,65.3,29.6,685,209
day2,33:24.6,6.33,208,65.2,29.5,684,209
day2,43:26.4,6.33,206,64.5,29.6,684,211
day2,53:28.1,6.45,209,63.1,29.5,685,210
day2,03:29.8,6.48,209,62.6,29.4,683,210
day2,13:31.6,6.37,207,63,29.5,682,210
day2,23:33.3,6.37,206,63.5,29.6,682,208
day2,33:35.0,6.3,205,63.3,29.5,684,210
day2,43:36.7,6.33,205,63.4,29.6,685,210
day2,53:38.4,6.33,205,61.3,29.5,684,209
day2,03:40.1,6.3,206,63.1,29.4,684,210
day2,13:41.7,6.33,204,62.4,29.5,685,211
day2,23:43.4,6.41,204,61.8,29.5,684,211
day2,33:45.1,6.33,203,62.1,29.4,685,211
day2,43:46.8,6.45,203,61.5,29.1,684,210
day2,53:48.5,6.3,203,63.8,29.1,685,209
day2,03:50.1,6.19,204,62.8,29.4,685,211
day2,13:51.8,6.33,202,65.1,29.1,684,212
day2,23:53.5,6.33,202,64.1,28.8,684,212
day2,33:55.1,6.33,200,64.4,29,684,212
day2,43:56.8,6.33,200,65.1,28.9,682,211
day2,53:58.4,6.33,199,63.5,29.1,685,212
day2,04:00.1,6.59,199,65,28.8,683,212
day2,14:01.7,6.33,199,64.5,28.8,685,211
day2,24:03.3,6.26,196,63.5,28.8,682,212
day2,34:04.9,6.33,195,64.4,28.7,684,212
day2,44:09.9,6.33,195,65.5,28.7,685,213
day2,54:11.4,6.33,192,66.6,28.6,684,212
day2,04:12.9,6.33,189,66.4,28.7,684,213
day2,14:14.4,6.33,189,65,28.6,684,214
day2,24:15.9,6.33,183,65.4,28.5,682,213
day2,34:17.2,6.33,178,66.2,28.5,682,213
day2,44:18.5,6.33,169,66.9,28.4,685,216
day2,54:19.6,6.37,159,67.4,28.1,683,214
day2,04:20.7,6.33,139,67.7,28.2,685,214
day2,14:22.2,6.33,110,69.2,28,684,216
day2,24:23.2,6.33,44,68.6,28.1,685,215
day2,34:25.2,6.26,0,68.5,28,685,217
day2,44:27.3,6.33,0,68.6,28,684,218
day3,49:44.3,6.67,123,75.4,26.1,684,219
day3,59:45.6,6.93,160,75.6,26.2,681,228
day3,09:47.0,7.48,177,76.2,26.3,684,234
day3,19:48.6,7.85,193,75.7,26.4,684,233
day3,29:50.4,7.77,199,75.1,26.5,684,226
day3,39:52.2,7.33,208,74.3,26.6,684,222
day3,49:54.0,7.22,218,72.6,27.6,683,221
day3,59:55.9,7.22,222,69.7,28.6,684,219
day3,09:57.6,7.07,221,69.7,28.8,682,217
day3,19:59.5,6.96,214,70.5,28.5,682,215
day3,30:01.4,6.89,218,67.8,29.3,684,215
day3,40:03.3,6.89,225,64.5,30.6,682,212
day3,50:05.1,6.74,220,65.2,30.6,684,212
day3,00:07.0,6.67,216,65.1,30.2,683,212
day3,10:08.9,6.74,219,64.3,30.6,685,211
day3,20:10.7,6.59,220,62.9,30.5,684,210
day3,30:12.6,7.04,219,63.9,29.6,685,210
day3,40:14.4,6.59,218,64.6,29.7,684,209
day3,50:16.3,6.52,219,63.4,29.4,684,208
day3,00:18.1,6.56,219,63.8,29.3,684,209
day3,10:20.0,6.59,216,62.9,29.8,682,209
day3,20:21.8,6.63,219,62.6,29.8,683,209
day3,30:23.7,6.63,218,62.8,29.6,682,209
day3,40:25.5,6.67,218,62.4,29.8,682,209
day3,50:27.4,6.63,217,62.9,29.7,684,209
day3,00:29.2,6.59,217,61.5,29.4,684,208
day3,10:31.0,6.59,217,62.9,29.4,682,208
day3,20:32.8,6.59,210,63,29.6,681,209
day3,30:34.6,6.63,215,62.6,29.7,684,210
day3,40:36.4,6.59,212,62,29.6,683,210
day3,50:38.2,6.67,214,62.5,29.5,684,211
day3,00:40.0,6.59,213,62,29.4,682,209
day3,10:41.8,6.59,212,59.6,29.3,684,211
day3,20:43.5,6.67,213,63.6,29.5,684,210
day3,30:45.3,6.59,211,64,29.3,682,211
day3,40:47.1,6.63,207,63.3,29.4,684,211
day3,50:48.8,6.59,207,64.5,29,683,212
day3,00:50.6,6.63,207,65.2,29.2,684,213
day3,10:52.3,6.7,208,64.5,29.1,682,212
day3,20:54.0,6.63,209,63.5,29.3,682,213
day3,30:55.8,6.7,207,64.5,29.5,682,214
day3,40:57.5,6.63,207,63.2,29.1,685,215
day3,50:59.2,6.67,207,64.4,29,683,214
day3,01:00.9,6.63,206,64.8,29,682,216
day3,11:02.6,6.67,199,64.3,29,683,217
day3,21:04.3,6.67,205,62.9,28.9,684,218
day3,31:06.0,6.67,204,62.2,29.1,683,219
day3,41:07.7,6.67,204,64,29,684,219
day3,51:09.3,6.67,202,63.5,29,684,219
day3,01:11.0,6.63,203,63,29,682,220
day3,11:12.7,6.67,202,64.4,29,684,222
day3,21:14.3,6.89,201,63.5,28.9,682,221
day3,31:16.0,6.63,200,65.1,28.8,682,222
day3,41:17.6,6.63,199,63.2,28.8,682,223
day3,51:19.3,6.67,199,63.7,28.7,684,223
day3,01:20.9,6.59,198,64.5,28.8,684,224
day3,11:22.5,6.63,199,63.9,28.6,684,224
day3,21:24.1,6.59,197,65.2,28.4,685,225
day3,31:25.7,6.63,196,64.6,28.3,685,225
day3,41:27.3,6.74,195,64.7,28.3,684,226
day3,51:28.8,6.67,193,63.8,28.2,684,227
day3,01:30.4,6.63,190,64.4,28.3,684,227
day3,11:31.9,6.67,190,65.2,28.1,685,227
day3,21:33.4,6.63,185,65.4,28.1,682,227
day3,31:34.8,6.63,181,64.8,28.1,685,229
day3,41:36.1,6.67,177,64.2,28,684,228
day3,51:37.3,6.89,164,65.4,27.8,682,228
day3,01:38.4,6.59,146,65.4,27.9,684,227
day3,11:40.2,6.59,123,66,27.8,684,228
day3,21:41.5,6.59,80,66.4,27.8,684,229
day3,31:43.6,6.59,3,65.3,27.7,684,229
day3,41:45.7,6.59,0,66.1,27.6,685,229
day4,57:18.6,6.89,132,75.3,26.5,684,217
day4,07:19.7,7.22,142,76,26.4,684,222
day4,17:20.9,7.52,155,76.2,26.5,683,226
day4,27:22.3,7.74,178,75.4,26.6,684,227
day4,37:23.6,7.77,177,74.9,26.6,682,224
day4,47:25.1,7.66,182,75,26.8,684,223
day4,57:26.6,7.66,181,74,26.8,682,221
day4,07:28.2,7.52,184,72.4,26.8,684,220
day4,17:29.9,7.29,219,71,27.5,684,218
day4,27:31.8,7.37,222,70.4,27.5,682,217
day4,37:33.5,7.41,215,65.2,29.3,684,217
day4,47:35.4,7.33,206,69.6,28,682,215
day4,57:37.2,7.26,214,65.2,29.7,684,215
day4,07:39.0,7.22,216,66.3,29.2,683,214
day4,17:40.8,7.18,216,66.8,28.9,682,213
day4,27:42.6,7.11,214,68.9,27.9,684,214
day5,39:49.9,5.86,39,69.1,25.7,683,210
day5,49:51.0,6.74,111,68.9,25.7,682,212
day5,59:52.2,6.85,140,69,25.7,684,215
day5,09:53.7,6.96,184,68.6,25.8,684,216
day5,19:55.3,7.15,195,68.6,26,684,216
day5,29:57.0,7.22,201,68.8,26.1,684,217
day5,39:58.8,7.33,207,68,26.3,684,217
day5,50:00.7,7.37,223,65.2,27.5,684,216
day5,00:02.6,7.52,222,61.6,29.5,685,216
day5,10:04.5,7.55,223,58,31.1,682,214
day5,20:06.5,7.22,222,56.3,32.1,685,214
day5,30:08.4,7.07,222,54.4,32.7,683,212
day5,40:10.4,7.07,226,52.2,33.8,683,212
day5,50:12.3,6.96,226,50.3,34.5,683,211
day5,00:14.2,6.89,225,50.6,33.5,685,210
day5,10:16.0,6.89,210,51.7,33,682,210
day5,20:17.8,6.89,218,56.5,30.2,683,209
day5,30:19.7,7.07,218,57,29.5,685,209
day5,40:21.5,6.96,218,58.4,29.3,685,209
day5,50:23.3,7.04,218,58.2,29.5,685,209
day5,00:25.2,6.89,217,57.8,29.4,685,209
day5,10:27.0,7.07,218,57.3,29.8,685,210
day5,20:28.8,7.11,217,56.6,29.2,684,209
day5,30:30.7,7.07,217,57.5,29,684,210
day5,40:32.5,7.04,217,58.2,28.8,682,210
day5,50:34.3,6.96,213,58.5,29,683,210
day5,00:36.1,6.85,216,57.9,29.1,684,211
day5,10:38.0,6.85,215,57.6,29.5,684,210
day5,20:39.8,6.85,214,56.2,29.1,684,211
day5,30:41.6,6.89,214,57.4,29.5,684,211
day5,40:43.3,6.93,214,57.8,29.1,684,212
day5,50:45.1,6.96,212,57.6,29.1,682,210
day5,00:46.9,6.96,210,58,28.8,684,211
day5,10:48.7,6.96,210,57.8,28.9,683,211
day5,20:50.4,6.89,210,57.8,29,684,212
day5,30:52.2,6.93,210,57.3,29,683,211
day5,40:53.9,6.89,209,58.6,28.9,685,212
day5,50:55.6,6.89,207,57,28.6,684,213
day5,00:56.7,6.89,206,58.4,28.7,682,212
day5,10:57.8,6.89,206,58.7,28.9,682,212
day5,20:58.8,6.89,206,59.8,28.8,685,214
day5,31:00.3,7.37,204,59.5,28.7,685,214
day5,41:02.0,6.85,204,59.2,28.6,682,214
day5,51:03.7,6.89,203,59.3,28.7,684,214
day5,01:05.3,6.85,199,59.8,28.5,682,215
day5,11:07.0,6.89,203,59.2,28.4,682,215
day5,21:08.7,6.78,203,60.6,28.5,684,217
day5,31:10.4,6.85,201,59.4,28,682,217
day5,41:12.0,6.85,202,59.4,28.4,684,218
day5,51:13.7,6.74,201,60.4,28.3,685,220
day5,01:15.3,6.81,201,60.9,28,682,219
day5,11:17.0,6.74,200,58.9,28,684,221
day5,21:18.6,6.85,200,60.7,28.1,683,221
day5,31:20.2,6.74,199,60.4,28,684,222
day5,41:21.8,6.74,197,61,28,682,222
day5,51:23.4,6.74,195,61.5,28,684,223
day5,01:25.1,6.74,196,61.8,27.8,684,225
day5,11:26.6,6.74,196,60,27.9,684,225
day5,21:28.2,6.74,193,61.1,27.7,684,227
day5,31:29.7,6.74,192,62.6,27.7,684,228
day5,41:31.3,6.67,189,63,27.6,682,228
day5,51:32.8,6.74,188,62.8,27.5,684,228
day5,01:34.2,6.67,186,63.2,27.5,683,229
day5,11:35.7,6.67,183,63,27.4,684,229
day5,21:37.2,6.67,182,64.5,27.4,684,229
day5,31:38.6,6.67,180,64.3,27.3,684,229
day5,41:39.9,6.63,171,64.9,27.1,683,229
day5,51:41.0,6.63,162,64.8,27.1,684,229
day5,01:42.1,6.67,146,64.9,27.2,682,229
day5,11:43.9,6.67,122,64.7,27.1,682,229
day5,21:45.2,6.63,75,64.8,27,682,229
day6,07:47.7,5.3,174,73.8,25.5,683,202
day6,17:49.0,6.19,177,74.3,25.6,683,207
day6,27:50.6,6.56,194,74.7,25.7,682,208
day6,37:52.3,6.67,200,74.3,25.8,683,209
day6,47:54.0,6.85,205,74.2,26.1,682,209
day6,57:55.9,6.89,219,70.7,27.3,683,211
day6,07:57.7,7.07,220,67.6,28.6,684,212
day6,17:59.6,7.26,222,64,29.9,683,211
day6,28:01.5,7.33,223,60.7,31.1,684,213
day6,38:03.4,7.22,221,59.1,32.1,684,212
day6,48:05.3,6.85,222,57.8,32.1,682,211
day6,58:07.1,6.89,219,56.3,33,685,211
day6,08:09.0,6.85,216,56.4,32.7,681,210
day6,18:10.8,6.81,217,58.2,31.2,683,211
day6,28:12.6,6.85,217,58.1,30.2,684,209
day6,38:14.5,6.59,218,59.1,29.3,683,207
day6,48:16.3,6.56,218,58.5,29.4,683,206
day6,58:18.1,6.45,218,58.3,29.5,685,208
day6,08:20.0,6.56,217,58.5,29.7,685,207
day6,18:21.8,6.48,217,57.6,29.4,684,208
day6,28:23.6,6.59,217,60,30,682,207
day6,38:25.5,6.48,216,58.4,29.6,683,205
day6,48:27.3,6.3,216,58.4,29.4,683,208
day6,58:29.1,6.37,216,59.2,29.3,685,206
day6,08:30.9,6.26,214,58.8,28.8,682,209
day6,18:32.7,6.26,214,60.1,28.7,682,207
day6,28:34.5,6.3,213,60,28.7,683,208
day6,38:36.3,6.33,212,61,29,684,208
day6,48:38.0,6.33,212,60.5,29.3,682,208
day6,58:39.8,6.33,210,60.6,29.1,685,208
day6,08:41.6,6.19,210,61.2,28.9,684,210
day6,18:43.3,6.37,209,60.6,29,683,209
day6,28:45.0,6.26,208,61.4,28.6,684,209
day6,38:46.8,6.15,207,61.5,28.7,684,211
day6,48:48.5,6.33,206,61.3,28.9,684,210
day6,58:50.2,6.19,206,62.3,28.7,684,212
day6,08:51.9,6.3,205,61.6,28.8,684,213
day6,18:53.6,6.33,205,62.8,28.9,684,212
day6,28:55.3,6.26,204,62.3,28.7,683,215
day6,38:57.0,6.33,204,63.2,28.6,684,214
day6,48:58.6,6.26,203,61.7,28.6,682,215
day6,59:00.3,6.3,202,62.8,28.6,682,215
day6,09:02.0,6.19,201,61,28.6,685,218
day6,19:03.6,6.37,201,61.9,28.6,684,217
day6,29:05.3,6.3,201,61.4,28.5,682,218
day6,39:06.9,6.3,201,61.5,28.3,682,218
day6,49:08.6,6.19,200,62.1,28.2,685,221
day6,59:10.2,6.33,199,61.2,28.3,685,220
day6,09:11.9,6.19,199,63.5,28.1,684,221
day6,19:13.5,6.33,198,62.7,28.4,684,221
day6,29:15.1,6.26,198,62.4,28.2,681,222
day6,39:16.7,6.37,196,63.5,28.4,684,221
day6,49:18.3,6.22,195,63.8,28,683,222
day6,59:19.9,6.26,194,63.8,28.1,684,222
day6,09:21.5,6.26,194,63,28.1,684,222
day6,19:23.0,6.26,194,62.7,28,684,222
day6,29:24.6,6.26,191,63.2,27.9,682,222
day6,39:26.1,6.26,191,63.2,27.8,684,223
day6,49:27.7,6.3,184,63.7,27.7,682,222
day6,59:29.1,6.19,187,64.2,27.7,684,220
day6,09:30.6,6.08,183,64,27.8,684,222
day6,19:32.0,6.19,181,64.9,27.6,684,222
day6,29:33.3,6.15,175,65.1,27.6,685,223
day6,39:34.6,6.19,167,65.4,27.5,684,222
day6,49:35.7,6.11,156,64.9,27.5,682,223
day6,59:36.7,6.19,140,65,27.3,685,222
day6,09:38.4,6.15,116,65.4,27.3,682,223
day7,10:29.7,6.15,214,70.3,27.5,684,186
day7,20:32.4,5.38,219,69.6,27.8,683,202
day7,30:34.2,6.33,220,65.1,29.5,684,210
day7,40:36.2,6.96,219,60.3,31.6,682,212
day7,50:38.1,7.15,224,56.8,32.7,681,212
day7,00:39.9,7.33,222,56.4,33.4,684,214
day7,10:41.7,7.48,217,55.5,33.5,683,214
day7,20:43.5,7.33,209,60.4,30.7,684,213
day7,30:45.2,7.18,204,64,29.7,684,211
day7,40:47.0,7.07,211,64.8,28.8,681,208
day7,50:48.8,6.89,214,63.8,28.6,682,207
day7,00:50.6,6.59,216,62.6,29,684,205
day7,10:52.5,6.48,217,61.6,28.9,684,208
day7,20:54.3,6.67,217,60.3,29,683,207
day7,30:56.1,6.63,214,61.6,29,684,205
day7,40:57.9,6.48,217,59,29,682,205
day7,50:59.7,6.45,216,60.9,29.1,684,206
day7,01:01.6,6.48,216,61.7,28.8,683,205
day7,11:03.4,6.45,215,61.2,29.1,683,208
day7,21:05.2,6.33,215,60.2,29.3,685,204
day7,31:07.0,6.04,213,59.1,29,682,209
day7,41:08.8,6.48,213,59.1,29.3,684,205
day7,51:10.4,6.15,213,58.4,29.3,683,194
day7,01:12.0,5.49,212,58.4,29.2,684,209
day7,11:13.8,6.37,211,59.4,29.1,682,203
day7,21:15.5,6,210,60.8,28.9,684,205
day7,31:17.3,6.11,209,60.3,28.6,683,208
day7,41:19.0,6.33,209,60.8,28.8,684,205
day7,51:20.6,6.08,208,60.5,28.7,684,207
day7,01:22.3,6.15,203,61,28.7,681,208
day7,11:23.9,6.19,207,59.8,28.9,683,205
day7,21:25.5,6.48,202,60.2,28.7,684,209
day7,31:27.0,5.97,205,60.1,28.6,684,210
day7,41:28.3,5.89,204,59.1,28.5,684,212
day7,51:29.9,5.89,204,60.4,28.2,682,212
day7,01:31.4,6,203,60.8,28.5,684,214
day7,11:33.0,5.78,203,62.7,28.2,684,216
day7,21:34.6,6.15,202,62.6,28.5,684,215
day7,31:36.0,6,195,62,28.6,682,221
day7,41:37.5,5.97,200,61.4,28.5,684,224
day7,51:38.9,6.04,199,62.4,28.6,682,224
day7,01:40.3,5.93,199,62.3,28.4,684,225
day7,11:41.8,5.93,198,61.6,28.3,685,230
day7,21:43.2,6.08,197,61.3,28.1,684,231
day7,31:44.6,6.11,197,62.9,28.2,684,230
day7,41:46.1,6.19,196,63.5,28.4,684,229
day7,51:47.6,6.04,195,63.1,28.3,682,227
day7,01:49.2,6,195,63.2,28.2,684,229
day7,11:50.7,6.11,193,63.2,28.3,684,227
day7,21:52.0,6.04,194,63.4,28.1,683,226
day7,31:53.2,5.89,191,64.4,28.1,684,229
day7,41:54.8,6,192,64.3,28,683,228
day7,51:56.1,5.97,188,64.6,27.9,684,228
day7,01:57.4,6,187,65.2,27.8,683,225
day7,11:58.6,5.89,184,65.2,27.7,683,227
day7,21:59.8,6.08,182,65.5,27.7,684,228
day7,32:01.1,6.15,176,65.8,27.6,682,227
day7,42:02.2,6.15,169,66.1,27.6,687,230
day7,52:04.3,5.71,158,66.8,27.4,682,224
day7,02:06.1,6.04,138,67.1,27.4,682,224
day7,12:07.6,6.04,106,67.3,27.3,682,223
day8,01:34.0,5.45,152,72.2,26.2,683,200
day8,11:35.4,6.11,170,71.3,26.3,684,208
day8,21:36.8,6.56,169,71.6,26.4,682,211
day8,31:38.5,6.7,199,71.7,26.6,685,212
day8,41:40.2,6.67,206,70.8,26.6,684,213
day8,51:42.1,6.78,222,68.6,27.6,684,216
day8,01:44.0,6.96,223,64.1,29.5,684,217
day8,11:45.9,7.04,218,61.6,30.7,682,217
day8,21:47.8,7.07,224,61,31,683,217
day8,31:49.7,6.93,225,62.9,30.1,682,215
day8,41:51.6,6.93,223,58.7,32,682,213
day8,51:53.3,6.59,212,60,31,684,176
day8,01:54.8,4.23,208,62,30.4,684,205
day8,11:56.6,6.08,218,62,30.6,685,216
day8,21:58.4,6.59,215,65.2,29.5,685,216
day8,32:00.3,6.59,217,64.7,29,685,213
day8,42:02.1,6.37,218,65.4,28.9,685,208
day8,52:03.9,6.04,217,65.4,29,684,215
day8,02:05.8,6.37,218,65.3,29.2,684,221
day8,12:07.6,6.59,218,65.6,29.5,682,216
day8,22:09.4,6.37,212,64.2,29.3,684,219
day8,32:11.2,6.48,216,65.2,29.4,684,222
day8,42:13.0,6.48,213,65.3,29.2,684,215
day8,52:14.7,5.97,216,65.4,28.9,684,222
day8,02:16.5,6.26,216,66,28.7,681,224
day8,12:18.2,6.33,212,65.1,29,684,227
day8,22:19.9,6.33,213,65.3,28.7,683,229
day8,32:21.6,6.26,210,65.1,28.8,684,236
day8,42:23.4,6.48,214,62.9,29,683,236
day8,52:25.1,6.33,213,63,29.2,682,230
day8,02:26.6,5.97,212,64.5,28.8,684,230
day8,12:28.4,5.89,211,64.7,29,684,238
day8,22:30.0,6.33,211,63.3,29,685,236
day8,32:31.7,6.04,210,64.3,29,684,239
day8,42:33.5,6.15,206,64.5,29,683,245
day8,52:35.2,6.56,209,65.1,29,682,243
day8,02:36.9,6.33,207,65,29,682,240
day8,12:38.6,6.15,202,64.3,29.1,684,242
day8,22:40.2,6.26,203,63,29,684,240
day8,32:41.6,6.04,206,63.6,29,684,242
day8,42:43.2,6.37,205,64.6,28.8,682,243
day8,52:44.8,6.15,205,63.3,29,684,249
day8,02:46.4,6.48,205,62.3,29,683,234
day8,12:47.7,5.67,204,63.2,28.6,682,238
day8,22:49.4,6.04,207,63.3,28.8,684,241
day8,32:50.9,6.19,206,63.7,28.7,684,237
day8,42:52.6,6,205,64.2,28.7,684,239
day8,52:54.0,6.08,203,65.1,28.6,683,235
day8,02:55.5,5.89,201,64.7,28.6,684,244
day8,12:57.1,6.45,202,64.3,28.7,682,249
day8,22:58.8,6.67,200,63.7,28.6,684,248
day8,33:00.4,6.59,200,62.1,28.6,681,248
day8,43:02.1,6.63,201,65.3,28.6,684,237
day8,53:03.5,6,197,65.2,28.2,684,239
day8,03:05.0,6.11,196,65.4,28.2,681,242
day8,13:06.6,6.48,196,65.5,28.4,682,244
day8,23:08.2,6.56,195,66.2,28.2,681,234
day8,33:09.7,6,194,66.4,28.2,682,240
day8,43:11.3,6.37,194,65.8,28.1,681,237
day8,53:12.8,6.3,193,65.8,28,684,240
day8,03:14.3,6.45,186,65.8,28.1,681,240
day8,13:15.7,6.45,184,66.1,28,683,240
day8,23:17.1,6.37,179,65.8,27.9,684,235
day8,33:18.5,6.08,174,65.3,27.8,682,242
day8,43:19.7,6.59,167,65.8,27.9,683,245
day8,53:20.8,6.74,156,67.4,27.7,686,251
day8,03:21.8,6.59,136,66.4,27.7,682,238
day8,13:23.3,6.48,106,67.9,27.7,682,238
day8,23:24.4,6.37,57,68.1,27.6,693,252
day9,26:19.0,7.23,19,76.6,26.1,681,168
day9,36:20.5,7.27,19,76.6,26.1,683,183
day9,46:22.3,7.97,109,76.7,26.1,682,205
day9,56:24.0,7.11,147,76.5,26.1,683,213
day9,54:29.1,7.42,213,74.3,27.6,680,153
day9,04:30.5,7.94,213,74,27.6,683,208
day9,14:32.4,7.48,217,73.1,28.1,684,231
day9,24:34.2,7.66,222,70.3,29.2,682,248
day9,34:36.1,8.51,223,69.6,29.7,682,252
day9,44:38.0,8.73,223,66.6,30.6,684,250
day9,54:39.7,8.7,206,67.5,29.8,683,254
day9,04:42.0,8.84,213,67.6,29.4,684,252
day9,14:43.3,8.73,203,68.2,29.4,684,248
day9,24:45.1,8.51,218,68.8,29.2,683,248
day9,34:46.9,8.51,214,67.2,29.1,685,251
day9,44:48.7,8.62,216,67.6,28.7,683,252
day9,54:50.5,8.66,214,65.7,28.6,684,246
day9,04:52.4,8.25,218,66.6,28.7,684,243
day9,14:54.2,8.14,218,66.4,29,682,241
day9,24:56.0,8.07,218,66.8,29,684,245
day9,34:57.8,8.25,218,64.8,29.3,684,245
day9,44:59.6,8.14,218,64.4,29.3,684,246
day9,55:01.4,8.25,216,65.5,29.1,682,245
day9,05:03.2,8.22,216,65.6,29.1,684,238
day9,15:05.0,7.77,215,66.7,29.3,684,241
day9,25:06.8,7.77,214,63.9,29,684,241
day9,35:08.6,7.66,209,65.6,28.8,684,253
day9,45:10.4,7.77,214,65.9,28.9,684,251
day9,55:12.1,7.44,212,65.5,29,685,260
day9,05:13.9,7.66,209,65.4,28.8,684,262
day9,15:15.7,7.63,212,65.6,29,682,262
day9,25:17.4,7.55,209,66.5,29.1,682,263
day9,35:19.2,7.63,210,66,29,683,258
day9,45:20.9,7.44,209,65.3,29,684,264
day9,55:22.6,7.85,209,63.6,29.1,685,260
day9,05:24.4,7.92,206,65.4,29.2,684,251
day9,15:26.1,7.66,207,64.7,29.2,685,254
day9,25:27.8,7.85,207,65.5,29.3,685,252
day9,35:29.5,7.81,193,64.5,29.3,684,248
day9,45:31.2,7.52,205,63.1,29.3,684,258
day9,55:32.9,8,206,64,29.3,684,245
day9,05:34.6,7.77,204,63.5,29.2,684,251
day9,15:36.3,7.92,201,64.2,29.1,684,251
day9,25:37.9,7.52,201,64.6,28.9,682,247
day9,35:39.6,7.52,202,65,29,684,253
day9,45:41.2,7.37,199,65,29,684,255
day9,55:42.9,7.37,200,66.5,29,683,256
day9,05:44.5,7.44,200,65.7,28.8,682,245
day9,15:46.2,7.48,201,64.8,28.9,682,248
day9,25:47.8,7.33,200,66,29,684,253
day9,35:49.5,7.11,198,66.3,28.8,684,252
day9,45:51.1,7.33,198,66,29,684,251
day9,55:52.7,7.22,198,65.6,28.6,684,250
day9,05:54.3,7.26,197,65.3,28.7,682,244
day9,15:55.9,7.04,195,63.9,28.9,684,249
day9,25:57.5,7.29,194,64.1,28.6,682,242
day9,35:59.0,7.22,192,66,28.6,684,249
day9,46:00.6,7.22,191,65.9,28.5,684,240
day9,56:02.0,7.26,189,66,28.5,684,248
day9,06:03.5,7.07,186,66.3,28.5,683,245
day9,16:05.0,6.78,182,67.6,28.3,683,239
day9,26:06.3,6.89,177,66.9,28.5,685,246
day9,36:07.6,7.07,169,67.7,28.4,683,251
day9,46:08.8,7.11,160,67.7,28.3,684,249
day9,56:10.0,6.96,147,67.7,28.2,681,246
day9,06:11.7,6.89,126,68.4,28.1,683,246
day9,16:13.1,7.07,81,69.4,28.1,684,250
day9,26:14.1,7.04,13,68.1,27.9,682,246
day10,51:40.1,6.68,153,77.1,26,684,198
day10,01:41.1,7.23,177,77.2,26.1,682,206
day10,11:42.2,7.6,191,77.3,26,684,212
day10,21:43.3,7.94,199,77.2,26.1,683,219
day10,31:44.3,7.97,205,77.1,26.3,684,216
day10,41:45.4,8.08,209,76.6,26.4,684,221
day10,51:46.4,8.12,222,74.4,27.4,682,230
day10,01:47.5,8.19,217,71.9,28.1,684,236
day10,11:48.6,8.3,222,68.7,29.4,684,236
day10,21:49.6,8.34,223,66.7,30.1,685,237
day10,31:50.7,8.3,223,65.8,30.4,682,241
day10,41:51.7,8.42,225,64,31.5,685,239
day10,51:52.8,8.34,224,60.5,32.7,685,235
day10,01:53.9,8.27,219,61.4,32.1,682,237
day10,11:54.9,8.3,218,61.5,32.2,682,233
day10,21:56.0,8.3,217,64.6,30.8,685,239
day10,31:57.0,8.38,217,65.6,30.7,683,243
day10,41:58.1,8.38,217,64.7,30.5,685,244
day10,51:59.2,8.38,217,65.1,30,685,246
day10,02:00.2,8.38,216,64.3,30.3,682,247
day10,12:01.3,8.38,216,64.6,30.4,684,248
day10,22:02.3,8.27,216,64.2,30.4,685,249
day10,32:03.4,8.42,216,62.8,30.5,685,246
day10,42:04.4,8.27,215,63.6,30.4,684,250
day10,52:05.5,8.27,215,62.9,30.6,685,256
day10,02:06.6,8.23,215,62.9,30.6,685,239
day10,12:07.6,8.19,213,62.5,30.5,683,243
day10,22:08.7,8.08,213,59.7,30.5,684,253
day10,32:09.7,8.23,212,56.4,30.5,685,259
day10,42:10.8,8.16,212,56.3,30.7,684,243
day10,52:11.9,8.19,211,55.8,30.6,683,257
day10,02:12.9,8.19,210,55.7,30.5,682,259
day10,12:14.0,8.12,209,53,30.5,682,254
day10,22:15.0,8.19,208,56.4,30.4,684,247
day10,32:16.1,8.08,207,58.6,30.4,685,249
day10,42:17.2,8.01,206,59.5,30.4,683,246
day10,52:18.2,8.01,206,59.4,30.4,684,246
day10,02:19.3,8.08,205,60.3,30.1,681,247
day10,12:20.3,8.01,205,60.2,30.2,682,248
day10,22:21.4,8.01,204,58.3,30.2,682,232
day10,32:22.4,8.05,204,60.9,30.1,684,252
day10,42:23.5,7.97,204,59.4,30,682,252
day10,52:24.6,7.97,203,58.3,29.9,682,246
day10,02:25.6,7.97,202,59.8,29.9,684,245
day10,12:26.7,7.94,202,59.7,29.9,684,246
day10,22:27.7,7.97,202,61.5,29.7,684,247
day10,32:28.8,8.27,201,62.8,29.8,682,241
day10,42:29.9,8.27,200,61.3,29.6,684,240
day10,52:30.9,8.12,200,62.9,29.6,682,245
day10,02:32.0,8.27,199,64.3,29.6,684,246
day10,12:33.0,8.19,199,63.6,29.6,684,245
day10,22:34.1,8.16,198,62.7,29.5,682,245
day10,32:35.2,8.08,197,62.6,29.4,682,245
day10,42:36.2,8.08,195,62.6,29.4,684,246
day10,52:37.3,8.08,196,62.8,29.3,684,245
day10,02:38.3,8.08,195,63.6,29.3,682,245
day10,12:39.4,8.01,194,64.5,29.2,684,245
day10,22:40.4,7.97,193,65.2,29.1,684,244
day10,32:41.5,8.08,192,63.2,29,684,239
day10,42:42.6,8.01,190,63.4,29.1,684,242
day10,52:43.6,8.08,189,63.5,29.1,685,241
day10,02:44.7,8.01,185,63.9,29.1,685,241
day10,12:45.7,7.97,181,64.8,28.9,685,242
day10,22:46.8,8.01,178,65.5,28.8,684,240
day10,32:47.9,7.97,172,67.5,28.7,685,239
day10,42:48.9,7.94,163,67.6,28.6,682,239
day10,52:50.0,7.94,148,68,28.6,684,239
day10,02:51.0,8.01,129,68.6,28.5,685,238
day10,12:52.1,7.97,96,69.7,28.4,682,239
day10,22:53.1,7.86,37,69,28.2,685,239
day11,54:04.9,6.68,153,79.5,25.7,686,215
day11,04:07.8,7.23,177,79.9,25.8,681,218
day11,14:09.7,7.6,191,79.6,26.1,681,226
day11,24:10.8,7.94,199,78.8,26.4,680,233
day11,34:12.1,7.97,205,77.9,26.7,680,241
day11,44:13.2,8.08,209,77.1,27,679,248
day11,54:14.3,8.12,222,66,31.5,680,255
day11,04:15.7,8.19,217,61.5,33.2,683,261
day11,14:17.1,8.3,222,61.3,33.3,683,266
day11,24:18.6,8.34,223,60.5,33.6,682,268
day11,34:20.0,8.3,223,59.1,34.1,682,267
day11,44:21.5,8.42,225,56.9,35.2,680,263
day11,54:22.9,8.34,224,54.4,36.7,680,265
day11,04:24.3,8.27,219,53.2,36.9,682,264
day11,14:25.7,8.3,218,54.5,36,683,262
day11,24:27.0,8.3,217,63.5,31.9,680,262
day11,34:28.4,8.38,217,65.3,31.4,680,259
day11,44:29.7,8.38,217,65.6,31.2,680,259
day11,54:31.1,8.38,217,64.8,31.3,680,257
day11,04:32.4,8.38,216,64.8,31.2,680,256
day11,14:33.7,8.38,216,64.4,31.2,682,255
day11,24:35.1,8.27,216,64,31.1,682,259
day11,34:36.4,8.42,216,64,31.3,683,257
day11,44:37.8,8.27,215,64.3,31.5,681,262
day11,54:39.1,8.27,215,62.9,31.4,683,258
day11,04:40.4,8.23,215,62.8,31.4,681,256
day11,14:41.7,8.19,213,62.3,31.5,683,253
day11,24:43.0,8.08,213,62.2,31.4,679,255
day11,34:44.3,8.23,212,60.6,31.6,679,254
day11,44:45.6,8.16,212,58.6,31.5,681,257
day11,54:46.9,8.19,211,58.7,31.7,682,256
day11,04:48.2,8.19,210,58.4,31.8,681,254
day11,14:49.4,8.12,209,57.2,31.5,682,255
day11,24:50.7,8.19,208,56.6,31.7,680,252
day11,34:51.9,8.08,207,57.6,31.5,683,252
day11,44:53.2,8.01,206,59.1,31.8,681,251
day11,54:54.4,8.01,206,57.7,31.8,682,254
day11,04:55.6,8.08,205,56.7,31.7,680,250
day11,14:56.8,8.01,205,57.7,31.8,680,251
day11,24:58.0,8.01,204,56.9,31.9,682,252
day11,34:59.3,8.05,204,55.5,32,680,248
day11,45:00.5,7.97,204,66,31.5,682,249
day11,55:01.7,7.97,203,67.5,31,681,248
day11,05:02.9,7.97,202,67.4,31.3,681,248
day11,15:04.0,7.94,202,68.5,30.8,681,249
day11,25:05.2,7.97,202,70,30.6,682,253
day11,35:06.4,8.27,201,69.4,30.7,681,255
day11,45:07.6,8.27,200,69.2,30.7,682,255
day11,55:08.7,8.12,200,69.7,30.6,682,256
day11,05:09.9,8.27,199,70.7,30.2,682,254
day11,15:11.0,8.19,199,71,30.3,680,254
day11,25:12.2,8.16,198,70.1,30.5,681,252
day11,35:13.3,8.08,197,71,30.5,682,254
day11,45:14.5,8.08,195,71,30.3,683,253
day11,55:15.6,8.08,196,70.9,30.3,679,252
day11,05:16.7,8.08,195,71.5,30.1,680,251
day11,15:17.8,8.01,194,71.6,30,682,251
day11,25:18.9,7.97,193,71.9,29.6,684,252
day11,35:19.9,8.08,192,71.4,29.7,687,262
day11,45:21.0,8.01,190,72,29.4,681,252
day11,55:22.1,8.08,189,72.8,29.3,679,251
day11,05:23.1,8.01,185,73.2,29.3,682,251
day11,15:24.2,7.97,181,72.7,29.3,679,250
day11,25:26.2,8.01,178,73.2,29.1,679,249
day11,35:27.3,7.97,172,73.2,29,682,254
day11,45:29.0,7.94,163,73.9,28.9,682,252
day11,55:30.9,7.94,148,74.5,28.7,680,251
day11,05:32.4,8.01,129,74.6,28.5,679,250
day11,15:33.5,7.97,96,75,28.5,684,258
day11,25:35.2,7.86,37,75.9,28.4,682,249
day12,01:39.3,8.03,159,82.5,26.3,680,212
day12,11:41.3,6.94,175,81.9,26.6,680,226
day12,21:42.5,7.31,193,81.8,26.8,681,239
day12,31:50.6,7.64,200,80.9,27.2,686,259
day12,41:52.1,7.97,206,79.8,27.6,678,256
day12,51:53.7,8.12,218,74.1,29.8,680,262
day12,01:55.0,8.23,220,67.3,32.3,678,267
day12,11:56.4,8.38,220,64.4,33.5,679,269
day12,21:57.8,8.49,223,63.6,33.7,680,270
day12,31:59.3,8.6,224,63.2,33.9,678,268
day12,42:00.8,8.53,220,59.9,35.3,679,303
day12,52:02.2,7.79,223,57,36.4,680,303
day12,02:03.6,8.38,222,55.1,37.4,680,307
day12,12:04.9,8.38,216,53.5,38,679,308
day12,22:06.3,8.27,214,64.2,32.5,681,313
day12,32:07.6,8.27,215,65.2,31.9,679,311
day12,42:08.9,8.34,213,66.2,31.8,681,310
day12,52:10.3,8.27,216,66.3,31.5,681,316
day12,02:11.6,8.23,211,66.1,31.5,679,320
day12,12:12.9,8.19,216,66.3,31.4,678,322
day12,22:14.2,8.12,215,67.1,31.3,679,318
day12,32:15.5,8.01,213,67.3,30.8,678,318
day12,42:16.8,8.05,215,66.5,31.1,678,321
day12,52:18.0,8.08,215,66.8,31,678,322
day12,02:19.4,8.01,210,66.7,30.5,681,319
day12,12:20.6,8.05,214,65.3,31.2,680,334
day12,22:21.9,8.05,211,65.4,31.1,678,336
day12,32:23.3,7.97,212,64.4,30.9,681,343
day12,42:24.5,7.9,212,63.4,31.2,678,341
day12,52:25.8,7.79,210,63.8,31.1,679,349
day12,02:27.1,7.9,210,63.7,31.1,681,351
day12,12:28.4,7.83,209,63.4,31,681,351
day12,22:29.6,7.75,209,65,31,681,356
day12,32:30.8,7.75,207,63.9,30.6,681,352
day12,42:32.1,7.68,206,64.8,30.6,679,351
day12,52:33.3,7.79,205,65.4,31,681,361
day12,02:34.5,7.71,205,64.3,30.6,678,351
day12,12:35.7,7.71,204,65.3,30.8,681,353
day12,22:36.9,7.79,204,63.8,30.9,680,358
day12,32:38.1,7.68,203,63.1,30.8,678,357
day12,42:39.3,7.68,202,63.1,30.9,680,361
day12,52:40.5,7.6,201,63.1,31,680,362
day12,02:41.7,7.64,201,64,31,681,368
day12,12:42.9,7.64,201,64.3,30.9,678,365
day12,22:44.1,7.57,200,65.2,30.6,678,372
day12,32:45.2,7.6,199,64.4,30.6,681,369
day12,42:46.4,7.49,199,64.4,30.5,679,374
day12,52:47.5,7.53,198,63.1,30.4,681,374
day12,02:48.7,7.53,198,65.1,30.4,680,374
day12,12:49.8,7.53,197,64,30.3,681,372
day12,22:50.9,7.53,197,64.7,30.3,680,371
day12,32:52.0,7.53,195,66.6,30.1,679,375
day12,42:53.2,7.53,196,66.5,30,679,368
day12,52:54.3,7.53,194,66.6,30,681,369
day12,02:55.4,7.53,194,67.5,30,679,367
day12,12:56.4,7.42,192,69.2,29.8,680,377
day12,22:57.5,7.42,191,69.4,29.9,681,362
day12,32:58.6,7.6,189,68.5,29.7,680,386
day12,42:59.6,7.35,188,68.2,29.6,680,388
day12,53:00.7,7.35,187,67.5,29.5,680,380
day12,03:01.7,7.35,184,68.4,29.4,680,377
day12,13:03.8,7.31,181,70,29.5,679,374
day12,23:04.8,7.35,175,70.8,29.2,679,375
day12,33:06.8,7.38,170,70.7,29.1,679,371
day12,43:08.7,7.38,161,72.9,29,680,368
day12,53:10.5,7.35,146,73.4,28.9,678,361
day12,03:12.1,7.42,127,72.9,28.8,681,359
day12,13:13.3,7.35,99,72.6,28.6,681,362
day12,23:15.2,7.49,56,73.3,28.5,678,359
day12,33:16.8,7.35,0,72.6,28.6,681,363
day13,37:39.0,7.94,78,74.4,26.9,679,361
day13,47:40.9,8.07,135,74.8,26.8,679,384
day13,57:42.0,6.9,166,74.5,27.1,680,400
day13,07:43.1,7.12,183,73.7,27.3,680,416
day13,17:44.1,7.35,194,73.6,27.4,680,400
day13,27:45.2,7.64,198,72.9,27.6,678,401
day13,37:46.3,7.94,193,72.8,27.7,682,401
day13,47:47.6,7.97,222,72.6,28,678,396
day13,57:49.0,8.12,223,69.5,29.1,679,400
day13,07:50.4,8.27,224,55.1,36,680,409
day13,17:51.8,8.19,225,53.3,36.1,680,406
day13,27:53.2,8.27,221,59.2,32.9,681,422
day13,37:54.6,8.08,225,63,31.7,680,439
day13,47:56.1,8.08,225,50.8,37.2,679,436
day13,57:57.6,8.16,226,49.3,37.7,678,430
day13,07:58.9,8.01,218,47.8,38.6,681,410
day13,18:00.1,8.08,211,58.9,32,678,417
day13,28:01.4,7.79,206,64.4,30,681,436
day13,38:02.8,7.68,217,64.1,30.5,681,452
day13,48:04.1,7.6,215,64.2,30.5,679,444
day13,58:05.4,7.57,212,65.1,30.6,678,421
day13,08:06.7,7.64,210,66,30.3,679,458
day13,18:08.0,7.38,216,63.3,30.6,678,451
day13,28:09.3,7.64,215,64.1,30.1,678,451
day13,38:10.7,7.38,216,62.6,30.7,680,430
day13,48:12.0,7.71,215,62.6,30.6,678,438
day13,58:13.3,7.71,214,61.9,30.8,680,438
day13,08:14.6,7.68,214,61.6,30.6,678,461
day13,18:15.9,7.35,212,59.5,30.6,680,456
day13,28:17.2,7.46,212,59.6,30.5,680,451
day13,38:18.5,7.6,211,59.8,30.7,678,448
day13,48:19.8,7.49,211,60.7,30.6,678,420
day13,58:21.0,7.71,210,62.5,30.5,680,450
day13,08:22.3,7.53,210,63,30.7,677,445
day13,18:23.5,7.46,201,63.8,30.3,680,445
day13,28:24.8,7.42,208,65,30.3,679,444
day13,38:26.0,7.42,207,64.1,30.2,680,432
day13,48:27.2,7.6,205,65.4,30.2,680,458
day13,58:28.4,7.31,203,64.8,30.1,678,453
day13,08:29.6,7.42,201,64.4,30.1,680,454
day13,18:30.8,7.38,202,65.9,30,678,366
day13,28:31.9,7.9,201,64.7,30,680,466
day13,38:33.1,7.23,200,63.7,29.8,680,463
day13,48:34.3,7.27,199,61.8,29.8,679,456
day13,58:35.4,7.35,199,64,29.8,680,459
day13,08:36.6,7.38,199,61.2,29.7,678,461
day13,18:37.7,7.35,198,60.5,29.6,679,462
day13,28:38.9,7.38,198,62.6,29.6,680,429
day13,38:40.0,7.64,197,64.3,29.7,678,474
day13,48:41.1,7.23,197,63.9,29.5,680,449
day13,58:42.3,7.35,196,62.4,29.7,680,469
day13,08:43.4,7.23,195,62.8,29.6,679,462
day13,18:44.5,7.27,194,61.8,29.5,681,472
day13,28:47.5,7.2,192,63.4,29.5,681,481
day13,38:48.6,7.35,194,63.6,29.5,681,470
day13,48:49.7,7.64,194,67.2,29,679,456
day13,58:50.8,7.49,193,66.2,29.1,682,469
day13,08:51.9,7.53,192,67.1,29.1,680,477
day13,18:53.0,7.31,192,67.8,28.7,684,472
day13,28:54.0,7.31,190,67,28.9,686,473
day13,38:55.1,7.49,191,68.1,28.8,680,459
day13,48:56.1,7.42,186,69.3,28.5,678,455
day13,58:57.2,7.35,187,68.3,28.8,681,458
day13,08:58.3,7.35,187,67.7,28.7,680,466
day13,18:59.3,7.2,184,68.2,28.7,678,467
day13,29:01.3,7.16,182,67.9,28.6,678,470
day13,39:02.4,7.31,167,68.4,28.3,678,465
day13,49:04.1,7.31,162,69.3,28.2,680,466
day13,59:06.0,7.31,150,68.8,28.5,680,468
day13,09:07.5,7.2,127,68.3,28.3,679,471
day13,19:08.5,7.31,88,68.8,28.3,678,473
day14,41:48.8,6.79,91,74.8,26.4,680,413
day14,51:50.7,7.01,130,74.2,26.6,679,438
day14,01:51.8,7.2,165,74,26.9,680,467
day14,11:52.8,7.35,178,74.4,27,679,474
day14,21:53.9,7.12,199,73.9,27.3,680,474
day14,31:55.1,7.12,205,73.7,27.8,680,477
day14,41:56.4,7.2,209,72.4,28.1,679,468
day14,51:57.9,7.49,223,63.2,32,680,480
day14,01:59.3,7.64,223,58.9,33.7,680,483
day14,12:00.6,7.79,218,55,35,681,477
day14,22:02.0,7.97,222,63.3,31.1,678,482
day14,32:03.3,8.01,224,58.9,32.2,681,485
day14,42:04.5,8.08,210,60.3,31.6,679,489
day14,52:05.7,7.94,202,67,28.5,679,486
day14,02:07.1,7.97,218,65.3,29.4,679,499
day14,12:08.4,7.97,218,56.1,33.5,679,496
day14,22:09.8,7.9,217,60,30.9,681,500
day14,32:11.1,7.83,217,62.8,30.2,680,497
day14,42:12.5,7.86,216,62.7,30,679,496
day14,52:13.8,7.79,216,62,30.3,682,496
day14,02:15.1,7.64,216,61.9,30,679,496
day14,12:16.5,7.68,217,61.9,30.3,679,497
day14,22:17.8,7.79,216,62.4,30.6,680,501
day14,32:19.2,7.64,215,61.3,30.5,681,502
day14,42:20.5,7.68,215,60.4,30.6,678,500
day14,52:21.8,7.6,214,58.8,30.4,679,499
day14,02:23.1,7.64,213,62.8,29.9,680,500
day14,12:24.4,7.49,212,60.5,30,678,502
day14,22:25.7,7.57,211,60.7,30.1,678,500
day14,32:26.9,7.64,211,61.2,30.2,680,497
day14,42:28.2,7.49,210,61.5,29.8,678,497
day14,52:29.5,7.71,209,61.6,30.3,680,499
day14,02:30.7,7.46,207,61,30.2,681,502
day14,12:32.0,7.64,206,61.3,30.3,681,502
day14,22:33.2,7.38,205,61,30.2,680,500
day14,32:34.4,7.35,204,61.9,29.9,681,500
day14,42:35.6,7.49,203,60.2,29.6,678,493
day14,52:36.8,7.27,202,62.4,29.6,680,495
day14,02:38.0,7.35,201,61.8,29.7,678,493
day14,12:39.1,7.31,201,61.4,29.7,679,494
day14,22:40.3,7.42,200,59.7,29.8,678,489
day14,32:41.5,7.53,200,61.5,29.8,679,495
day14,42:42.6,7.23,199,60.3,29.7,680,492
day14,52:43.8,7.35,199,60.8,29.6,680,494
day14,02:44.9,7.2,199,60.6,29.5,680,497
day14,12:46.1,7.42,198,61.5,29.6,680,495
day14,22:47.2,7.2,198,61.5,29.5,680,495
day14,32:48.4,7.31,197,61.2,29.6,678,494
day14,42:49.5,7.23,196,61,29.5,681,497
day14,52:50.6,7.35,196,62.4,29.5,680,498
day14,02:51.7,7.35,195,61.5,29.4,680,501
day14,12:52.9,7.2,195,60.1,29.5,678,498
day14,22:54.0,7.2,194,63.8,29.5,680,499
day14,32:55.1,7.42,193,60.8,29.2,680,500
day14,42:56.2,7.35,194,61.2,29.4,680,500
day14,52:57.3,7.12,193,62,29.1,682,513
day14,02:58.6,7.64,191,61.5,29.2,680,505
day14,12:59.7,7.2,191,63.1,29.1,679,511
day14,23:00.8,7.38,191,64.7,29,680,511
day14,33:01.8,7.09,189,64.1,29,680,512
day14,43:02.9,7.23,188,64.3,29,678,510
day14,53:04.0,7.01,188,64.1,28.7,680,503
day14,03:05.0,6.98,186,66,28.6,680,498
day14,13:06.1,6.98,183,63.9,28.4,680,505
day14,23:08.1,7.23,182,65,28.6,680,508
day14,33:09.2,6.94,178,64.1,28.6,678,512
day14,43:11.2,6.83,171,65.5,28.3,680,516
day14,53:13.2,6.83,163,67.2,28,680,512
day14,03:15.0,6.94,148,67.7,28.1,680,515
day14,13:16.4,6.83,121,67.9,28,679,515
day14,23:18.4,6.79,76,68.1,28.1,678,518
day14,33:20.0,6.79,0,67.9,27.9,680,519
day15,34:28.6,7.76,206,72.3,26.9,679,485
day15,44:29.9,7.85,216,71.5,27.3,679,506
day15,54:31.6,7.89,209,68.7,28.8,681,526
day15,04:33.6,7.94,224,60.6,32.2,681,537
day15,14:35.7,8.07,219,55.5,35.1,682,544
day15,24:36.8,6.83,219,53.5,35.6,680,548
day15,34:38.2,7.2,225,55,34.6,679,551
day15,44:39.7,7.68,226,49,37.5,679,557
day15,54:41.1,7.86,211,49.6,35.5,680,558
day15,04:42.3,7.79,215,56.4,31.4,681,559
day15,14:43.7,7.71,213,62.2,30.1,682,559
day15,24:45.0,7.9,218,58.4,31.5,680,555
day15,34:46.4,7.97,218,57.4,31.1,679,548
day15,44:47.7,7.97,217,56.4,30.7,681,549
day15,54:49.1,8.05,216,57,30.7,679,544
day15,04:50.4,7.94,216,58.4,30.1,679,546
day15,14:51.8,7.71,216,56.7,30.1,682,553
day15,24:53.1,7.53,215,56.6,30.4,682,544
day15,34:54.4,7.71,215,56.4,30.4,679,542
day15,44:55.7,7.71,215,55.5,30.3,682,544
day15,54:57.1,7.53,213,58.7,30.2,681,548
day15,04:58.4,7.64,213,55.7,30.6,681,542
day15,14:59.7,7.64,212,56.1,30.4,679,538
day15,25:01.0,7.57,211,56.2,30.3,681,543
day15,35:02.2,7.42,211,55.8,30.5,681,539
day15,45:03.5,7.16,210,55.5,29.8,681,542
day15,55:04.8,7.12,209,53.3,29.9,682,542
day15,05:06.0,7.35,207,56.5,30,679,543
day15,15:07.2,7.31,206,57.5,30.2,679,549
day15,25:08.4,7.05,205,56.4,30.3,679,542
day15,35:09.6,6.83,204,59,29.7,681,546
day15,45:10.8,6.68,203,58.6,29.6,681,544
day15,55:12.0,6.72,202,58.6,29.8,679,548
day15,05:13.2,6.83,202,58.2,29.8,681,546
day15,15:14.4,6.79,201,59.1,29.6,682,550
day15,25:15.6,6.94,201,59,29.8,679,548
day15,35:16.7,7.35,200,58.9,29.5,679,540
day15,45:17.9,6.79,201,59.4,29.8,681,540
day15,55:19.1,6.83,200,61.2,29.3,680,539
day15,05:20.2,6.79,199,60.2,29.2,681,545
day15,15:21.4,6.75,199,60.9,29.3,681,546
day15,25:22.5,8.07,198,61.7,29,681,545
day15,35:23.6,6.68,198,61.3,29.2,679,545
day15,45:24.8,6.79,198,60.2,29.2,681,545
day15,55:25.9,6.75,197,62,29.2,681,543
day15,05:27.0,6.79,197,61.9,28.8,681,541
day15,15:28.2,6.72,196,60.8,29,679,549
day15,25:29.3,6.68,197,60.9,29.1,682,557
day15,35:30.4,7.98,195,60.7,29.2,681,555
day15,45:31.5,7.98,195,63.5,28.7,682,560
day15,55:32.6,8.07,194,63,29,682,564
day15,05:33.7,7.98,193,61.3,28.8,681,559
day15,15:34.8,7.94,192,63.5,28.3,687,567
day15,25:35.8,8.07,192,62,28.6,685,567
day15,35:36.9,7.98,191,63,28.5,682,563
day15,45:37.9,8.03,190,63.6,28.6,680,565
day15,55:39.0,8.07,189,64.1,28.4,682,566
day15,05:40.1,8.07,187,64.1,28.3,680,561
day15,15:41.1,6.68,183,64,28.3,681,569
day15,25:43.2,8.03,183,64.2,28.4,682,574
day15,35:44.3,8.03,178,63.8,28,681,574
day15,45:46.2,7.98,173,64,28.1,680,573
day16,52:40.3,6.75,190,69.1,27.6,679,531
day16,02:41.7,6.75,220,66.1,29,681,552
day16,12:43.1,8.07,224,62.6,30.9,679,564
day16,22:44.5,8.03,222,50.3,36.3,682,577
day16,32:45.9,8.07,213,57.3,33,680,582
day16,42:47.3,6.72,210,56.2,33.2,679,576
day16,52:48.7,6.83,225,49.5,37.1,682,572
day16,02:50.0,7.12,219,49.2,37.3,681,573
day16,12:51.4,7.31,213,56.2,32.7,679,579
day16,22:52.7,7.31,212,61,30.8,680,582
day16,32:54.0,7.2,213,63.6,29.9,682,585
day16,42:55.3,7.2,210,65,29.3,681,586
day16,52:56.7,7.35,216,64.8,30,681,588
day16,02:58.0,7.42,216,63.8,30.3,681,586
day16,12:59.3,7.35,216,63,29.9,681,589
day16,23:00.6,7.38,216,63.4,30,679,586
day16,33:01.9,7.53,211,62.1,29.9,682,584
day16,43:03.3,6.9,215,62.2,30.2,681,581
day16,53:04.5,7.53,207,62,30.4,680,579
day16,03:05.8,7.09,209,62.6,30.1,681,581
day16,13:07.1,6.94,209,63.1,29.8,681,581
day16,23:08.4,6.79,214,62.9,30,681,582
day16,33:09.7,7.23,210,63.5,29.8,679,582
day16,43:10.9,7.16,213,62.9,30.3,681,583
day16,53:12.2,7.2,204,64.1,30.1,679,580
day16,03:13.5,7.09,210,64.3,30.1,681,584
day16,13:14.7,7.31,202,64.1,30.4,679,582
day16,23:15.9,7.05,207,63.1,30.3,679,580
day16,33:17.1,6.83,199,64.4,30,682,584
day16,43:18.3,6.68,192,63.5,29.7,681,586
day16,53:19.5,8.07,199,64.7,29.8,678,582
day16,03:20.6,6.68,204,66.9,29.9,679,583
day16,13:21.8,6.75,206,64.7,30.1,681,587
day16,23:23.1,6.79,204,65.2,29.6,681,582
day16,33:24.2,6.94,204,66.2,29.5,681,584
day16,43:25.4,6.94,200,66.3,29.6,679,584
day16,53:26.5,6.94,201,66.5,29.5,681,583
day16,03:27.7,6.9,200,67.2,29.4,678,582
day16,13:28.8,6.79,198,66.4,29.7,680,588
day16,23:29.9,6.72,198,66.3,29.4,681,586
day16,33:31.1,8.07,198,66.1,29.5,679,586
day16,43:32.2,7.94,197,67,29.3,681,587
day16,53:33.3,7.8,197,66.7,29.2,681,586
day16,03:34.5,7.8,197,67.3,29.3,681,585
day16,13:35.6,7.76,197,67.1,29.1,679,583
day16,23:36.7,7.76,195,66.2,29.2,681,591
day16,33:37.8,7.76,183,66.4,29.2,681,595
day16,43:38.9,7.76,192,67,29.1,683,594
day16,53:39.9,7.76,194,67.7,29.1,683,585
day16,03:41.0,7.85,189,68.3,29.1,683,581
day16,13:42.1,7.8,192,68.7,28.7,687,597
day16,23:43.2,7.76,189,68.4,28.6,686,597
day16,33:44.2,7.76,188,67.9,28.8,679,588
day16,43:47.1,7.71,190,68.2,28.8,682,591
day16,53:48.2,7.71,187,67.2,28.9,679,588
day16,03:49.3,7.67,186,68.4,28.5,681,591
day16,13:50.3,7.71,184,69.1,28.4,680,590
day16,23:52.4,7.71,183,69,28.5,681,591
day16,33:53.5,7.71,179,69.2,28.5,681,594
day16,43:55.5,7.71,175,69.4,28.6,678,593
day16,53:57.5,7.71,167,68.5,28.2,681,594
day16,03:59.3,7.76,150,69.3,28,680,593
day16,14:00.8,7.76,123,70.4,27.9,680,594
day16,24:02.8,7.62,77,69.9,27.8,680,597
day16,34:04.4,7.62,2,69.8,28,678,600
day17,32:42.2,6.94,183,73.8,27.3,679,522
day17,42:44.1,7.46,164,68.2,27.3,679,537
day17,52:45.3,7.83,171,66.7,27.4,679,550
day17,02:46.4,7.83,217,64.1,31.2,677,557
day17,12:47.5,7.97,183,71.5,28.4,677,566
day17,22:48.9,8.01,216,70.5,29.3,680,585
day17,32:50.1,8.01,215,56.9,35,677,581
day17,42:51.4,8.12,192,65.1,31.4,680,593
day17,52:52.8,8.12,218,62.1,32.8,678,592
day17,02:54.2,8.23,219,50,37.4,678,588
day17,12:55.6,8.38,219,53.4,34.6,678,590
day17,22:56.9,8.38,212,59.6,31.5,676,593
day17,32:58.1,8.53,201,61.2,30.5,677,594
day17,42:59.4,8.49,207,62.4,30.5,679,596
day17,53:00.6,8.53,207,61.3,30.1,677,597
day17,03:01.9,8.38,197,61.5,30.3,679,601
day17,13:03.1,8.38,205,62.1,30.4,679,598
day17,23:04.4,8.3,205,62.5,30,677,594
day17,33:05.5,8.01,204,57.4,30.2,679,604
day17,43:06.7,8.12,198,59.8,30.4,679,602
day17,53:07.8,7.71,187,62.6,29.9,684,605
day17,03:08.9,7.71,185,63.2,29.7,679,606
day17,13:10.0,7.79,196,63.7,30,676,606
day17,23:11.2,7.97,194,63,30.3,676,607
day17,33:12.3,7.94,191,62.8,30,684,618
day17,43:13.3,7.83,188,64.3,30,677,613
day17,53:14.4,7.94,185,63.8,30.3,677,613
day17,03:15.4,7.9,182,63.6,30.2,677,616
day17,13:16.5,7.79,180,62.7,30,679,619
day17,23:18.5,7.71,177,63.5,30,676,616
day17,33:19.6,7.68,175,64,30.1,677,616
day17,43:21.7,7.75,172,63.5,29.9,676,616
day17,53:22.7,7.79,171,63.1,29.9,678,620
day17,03:24.7,7.86,170,62.7,30,679,622
day17,13:25.8,8.01,169,60.9,29.6,678,619
day17,23:27.7,8.01,169,61.3,29.8,678,620
day17,33:28.8,8.12,167,62.6,29.9,678,620
day17,43:30.7,8.19,167,61.6,30,676,614
day17,53:31.8,8.12,166,62.9,30,678,621
day17,03:33.7,7.79,165,62.9,29.5,679,624
day17,13:34.8,7.79,165,64.4,29.8,678,626
day17,23:36.6,7.64,163,63.6,29.3,679,619
day17,33:37.7,7.6,163,62.8,29.4,676,620
day17,43:39.5,7.79,162,62.9,29.5,679,621
day17,53:41.6,7.86,162,59.6,29.2,678,620
day17,03:43.7,7.71,162,58.4,28.9,678,625
day17,13:45.8,7.79,161,58.7,29.1,677,622
day17,23:47.8,7.53,158,59.9,29.3,678,621
day17,33:49.9,7.49,159,64.2,28.8,679,623
day17,43:51.9,7.53,152,64.6,29,678,625
day17,53:53.9,7.49,151,61.5,29.3,679,623
day17,03:55.9,7.23,153,64,28.7,679,622
day17,13:57.8,7.16,151,64.3,29,678,631
day17,23:59.8,7.2,150,60.7,29.1,678,633
day17,34:01.8,7.38,150,62.3,28.8,678,631
day17,44:03.7,7.53,149,62.6,28.8,679,634
day17,54:05.7,7.83,149,63.2,28.8,678,633
day17,04:07.6,7.64,148,63.1,28.7,679,638
day17,14:09.5,7.86,145,62.6,28.8,678,631
day17,24:11.3,7.97,141,63,28.9,678,636
day17,34:13.1,7.68,136,66.3,28.4,679,637
day17,44:14.8,7.79,129,66.2,28.5,679,637
day17,54:16.3,7.71,117,67.2,28.5,678,637
day17,04:17.6,7.53,95,68.9,28.1,678,633
day17,14:19.6,7.53,61,69,28.2,677,634
day17,24:21.3,7.35,17,68.3,28,677,632
day17,34:22.9,7.42,0,69.3,28,679,608
day18,45:47.1,6.9,222,71.1,27.9,682,540
day18,55:50.0,6.98,218,58.4,33.3,683,583
day18,05:51.4,7.12,223,54.6,35,682,603
day18,15:52.8,7.2,223,53.7,35.7,682,613
day18,25:54.2,7.16,224,54.9,35.1,684,625
day18,35:55.8,8.23,220,53,36,682,634
day18,45:57.3,7.94,225,49.6,38.4,683,618
day18,55:58.7,8.38,219,53.4,36.2,683,643
day18,05:59.9,8.53,213,52.4,37,684,647
day18,16:01.2,8.97,212,57.9,33.7,684,653
day18,26:02.5,8.19,204,62.9,31.5,682,657
day18,36:03.9,8.42,213,62.8,31.4,683,659
day18,46:05.3,8.38,211,62.9,31.2,682,662
day18,56:06.8,8.12,212,63.2,30.9,684,667
day18,06:08.2,8.53,211,62.5,31.3,682,665
day18,16:09.5,8.38,211,62.7,31.1,683,668
day18,26:10.9,8.19,210,59.5,31.4,683,667
day18,36:12.2,7.97,211,62,31.3,681,667
day18,46:13.5,7.79,211,61.5,31.5,683,667
day18,56:14.7,8.01,210,62.1,31.4,683,667
day18,06:16.0,8.6,209,62.6,31.4,683,669
day18,16:17.2,8.71,207,63.6,30.5,683,669
day18,26:18.5,9.41,206,64.4,30,682,668
day18,36:19.9,9.26,206,64.7,30.4,683,668
day18,46:21.1,9.71,204,65.2,29.9,682,669
day18,56:22.4,9.78,203,64.3,30.5,682,670
day18,06:24.0,9.97,202,65.4,30.3,682,670
day18,16:25.6,10.15,201,67,29.6,683,671
day18,26:27.2,10.15,197,66.8,29.5,684,674
day18,36:28.8,10.78,195,66.1,29.7,682,672
day18,46:30.2,13.1,195,66.2,29.9,683,674
day18,56:31.7,10.37,194,66,29.6,682,673
day18,06:33.2,10,193,65.3,29.5,681,672
day18,16:34.7,10.15,192,64.8,29.5,682,672
day18,26:36.0,9.97,192,64.9,29.6,683,673
day18,36:37.1,9.19,191,63.5,29.5,682,674
day18,46:38.5,10,190,62.8,29.5,682,673
day18,56:39.7,9.89,190,63.5,29.3,682,664
day18,06:41.1,9.86,188,64,29.4,682,669
day18,16:42.4,10.08,187,60.4,29.4,682,669
day18,26:43.8,9.89,187,62.8,29.5,683,673
day18,36:45.3,10,186,64,29.2,683,668
day18,46:46.8,10.26,186,64.1,29.4,683,671
day18,56:48.3,10.45,184,64.9,29,681,669
day18,06:49.7,10.26,184,65.7,29.3,683,671
day18,16:51.2,10.19,183,64.2,29.1,683,672
day18,26:52.6,10.08,183,64.3,29.1,683,672
day18,36:54.0,10,182,64.8,29.1,681,671
day18,46:55.4,10.15,182,65.5,29,682,673
day18,56:56.9,10.15,181,65.9,29,683,672
day18,06:58.3,10.59,179,66.1,28.9,683,675
day18,16:59.7,10.67,180,65,28.7,683,673
day18,27:01.1,10.89,178,65.6,28.6,683,672
day18,37:02.5,10.89,177,62.3,29,682,672
day18,47:03.9,11.07,177,65.4,28.9,683,674
day18,57:05.3,11.66,175,66.5,28.5,683,675
day18,07:06.7,11.52,174,66,28.4,682,674
day18,17:08.0,11.66,173,66.2,28.4,682,674
day18,27:09.3,12.03,169,66.9,28.3,682,673
day18,37:10.5,12.7,165,65.5,28.5,682,673
day18,47:11.7,12.88,158,65.2,28.3,683,674
day18,57:12.7,12.81,146,67,28.2,683,671
day18,07:14.6,12.25,125,66.7,28.1,682,670
day19,20:48.0,9.3,215,63.5,29.8,683,651
day19,30:49.5,9.41,216,58.8,30.3,681,650
day19,40:51.0,10.22,216,61.1,30.5,683,656
day19,50:52.8,10.04,214,60.6,30.5,683,650
day19,00:54.6,10.48,213,62.8,30.3,684,657
day19,10:56.3,11.66,210,61.3,30.4,683,656
day19,20:58.1,11.89,210,62.7,30,681,656
day19,30:59.9,10.96,212,62.2,29.9,683,660
day19,41:01.4,12.99,212,62.7,30.1,681,655
day19,51:02.8,9.38,210,61.8,30,680,662
day19,01:04.4,10.08,209,62.7,30,683,663
day19,11:06.1,9.97,208,61.7,29.7,681,663
day19,21:07.8,10.89,209,62.2,30,683,666
day19,31:09.3,11.33,205,63.2,29.6,683,665
day19,41:11.0,11.48,207,63.1,29.8,683,668
day19,51:12.7,11.19,209,62.8,29.8,683,671
day19,01:14.4,11.7,209,60,30,683,670
day19,11:15.6,7.6,206,59.8,29.8,683,664
day19,21:16.8,7.35,208,60.7,30.1,680,660
day19,31:18.0,7.35,201,61.3,29.8,681,663
day19,41:19.2,7.35,202,60,29.7,683,658
day19,51:20.4,7.49,201,60.9,29.5,683,657
day19,01:21.6,7.53,201,61.1,29.5,681,648
day19,11:22.8,8.49,202,62.5,29.5,680,644
day19,21:24.0,8.27,203,62.2,29.5,680,654
day19,31:25.2,9.38,204,60.8,29.6,682,655
day19,41:26.5,9.15,204,59.6,29.7,682,662
day19,51:27.7,9.15,204,56,29.7,682,661
day19,01:29.0,9.12,203,57.7,29.9,682,645
day19,11:30.4,8.86,204,59.3,29.9,683,662
day19,21:31.7,8.53,201,56.7,29.9,682,665
day19,31:33.3,8.23,201,57.3,29.8,683,657
day19,41:34.8,11.22,202,59.5,29.8,683,662
day19,51:36.2,10.33,201,59.3,29.9,681,659
day19,01:37.7,9.78,198,58.6,29.8,683,671
day19,11:39.0,10.26,196,57.9,29.6,683,671
day19,21:40.4,10.15,192,56.9,29.5,683,661
day19,31:41.6,9.26,185,55.1,29.5,683,672
day19,41:42.7,9.15,183,54.9,29.5,686,731
day20,40:02.5,8.12,201,70.5,29.4,682,580
day20,50:03.7,9.19,203,71,29.4,681,601
day20,00:05.0,10.08,205,69.6,29.1,682,610
day20,10:06.3,9.71,206,68.9,29.2,680,617
day20,20:07.8,9.86,207,67.2,29.5,682,625
day20,30:09.3,10.26,206,66.5,29.7,682,625
day20,40:11.0,10.67,206,67.1,29.6,682,626
day20,50:12.7,11,205,67.7,29.6,682,628
day20,00:14.5,10.67,208,68.7,30,680,635
day20,10:16.1,11.07,207,66.3,30.1,680,638
day20,20:17.8,11.48,201,65.7,29.9,679,627
day20,30:19.4,11.66,201,66.7,29.8,681,626
day20,40:21.2,10.93,205,65.1,30,679,627
day20,50:22.8,11.52,206,64,30.2,682,652
day20,00:24.5,10.59,207,65.6,30.3,682,640
day20,10:26.1,12.33,206,64.1,30.6,681,650
day20,20:27.7,10.78,206,62.5,30.6,683,637
day20,30:29.3,10.67,205,63.1,30.8,680,654
day20,40:30.9,15.35,205,62.2,30.6,682,649
day20,50:32.4,11.55,206,63.9,30.7,682,655
day20,00:34.1,11.15,204,63.2,30.6,682,643
day20,10:35.6,7.35,205,63.9,30.7,680,659
day20,20:37.2,10.78,204,62.5,30.5,680,663
day20,30:38.8,9.56,204,61.9,30.5,681,654
day20,40:40.4,12.62,203,58.8,30.7,681,659
day20,50:41.9,12.66,198,60.4,30.6,679,642
day20,00:43.4,21.78,202,63.2,30.6,680,645
day20,10:45.0,12.44,200,62.4,30.5,681,639
day20,30:48.1,13.32,198,61.3,30.4,682,655
day20,40:49.6,11.85,198,61.9,30.2,682,658
day20,00:52.7,11.81,197,61.5,30.1,682,666
day20,10:54.2,13.29,193,62.1,30,682,660
day20,20:55.7,7.31,196,61.2,30,682,640
day20,30:57.1,10.45,198,61,30.1,679,627
day20,40:58.4,11.74,187,63.9,30,679,645
day20,50:59.7,11.07,184,63.2,29.8,679,635
day20,01:00.8,13.4,177,64.1,29.6,679,633
day20,11:02.1,10.37,172,65.6,29.5,679,627
day20,21:03.4,10.74,168,65.7,29.5,680,635
day20,41:05.5,10.37,158,66.2,29.2,682,635
day20,51:06.6,11.07,149,66.2,29.2,680,629
day20,01:08.5,13.14,135,67.5,29.1,682,626
day20,11:10.3,11.92,109,67.5,29,682,625
day20,21:11.5,10.59,67,66.8,29,682,631
day21,14:48.0,12.37,199,62.6,29.8,681,629
day21,24:49.0,27.13,200,63.3,30.2,680,633
day21,34:50.5,9.38,197,61.2,30,679,639
day21,44:52.2,11.41,198,61.7,29.8,681,645
day21,54:53.8,13.32,198,60.3,30,679,643
day21,04:55.2,18.82,196,58.9,29.8,679,644
day21,14:56.5,8.6,194,58,29.8,681,638
day21,24:57.9,10.3,194,60.6,29.7,679,647
day21,34:59.5,10.96,193,59.9,29.7,681,652
day21,45:00.9,12.88,191,60.3,29.7,681,642
day21,55:02.2,8.53,186,61.9,29.6,681,645
day21,05:03.4,11.44,184,61.6,29.5,681,646
day21,15:04.8,10.26,180,61.2,29.5,680,649
day21,25:06.0,11.74,175,60.6,29.4,679,651
day21,35:07.2,8.97,171,61.6,29.3,681,652
day21,45:08.2,13.44,160,62.1,29.2,682,653
day21,55:10.2,11.29,144,61.5,29,681,643
day21,05:11.7,8.71,126,62.5,29.1,681,640
day21,15:13.0,10,94,64,28.9,681,640
day21,25:15.0,10.59,39,64.3,28.9,681,638
day22,54:55.0,7.12,215,60.6,33,680,622
day22,04:56.2,7.31,209,62.2,31.9,680,626
day22,14:57.5,7.42,209,62.4,31,681,634
day22,24:58.7,7.64,209,64.2,30.5,681,634
day22,35:00.0,7.86,210,64,30.5,680,637
day22,45:01.3,8.01,210,63.3,30.8,681,641
day22,55:02.6,8.19,210,62.9,30.8,681,643
day22,05:03.9,8.27,212,63.3,30.9,680,644
day22,15:05.2,8.38,212,61.5,31.1,681,648
day22,25:06.4,8.42,210,62.2,31,680,648
day22,35:07.7,8.49,205,61.9,31.3,680,649
day22,45:08.9,8.53,204,61,31,681,655
day22,55:10.2,8.53,210,61.3,30.9,680,655
day22,05:11.5,8.19,211,59.7,31.1,680,655
day22,15:12.8,8.42,209,60,31.3,680,650
day22,25:14.0,8.53,206,59.2,31,681,656
day22,35:15.2,8.49,204,58.8,30.9,681,659
day22,45:16.5,8.42,206,60.1,30.9,680,656
day22,55:17.7,8.42,206,58.8,31,680,661
day22,05:19.0,8.3,207,58.2,31.1,680,661
day22,15:20.2,8.34,206,57.2,31,679,655
day22,25:21.4,8.49,206,58.7,31,680,657
day22,35:22.7,8.42,207,59.7,31.1,680,659
day22,45:23.9,8.38,208,55.1,31.1,680,659
day22,55:25.2,8.45,207,56.5,31.1,681,660
day22,05:26.4,8.53,209,57.4,31.1,680,653
day22,15:27.6,8.45,207,59,31.3,679,655
day22,25:28.9,8.56,206,58.8,31,680,661
day22,35:30.1,8.49,206,56.5,31,681,661
day22,45:31.3,8.49,204,57.1,30.9,680,658
day22,55:32.5,8.42,203,57.8,31,679,648
day22,05:33.7,8.97,202,58.6,31,681,651
day22,15:34.8,8.67,200,59.2,31,679,654
day22,25:36.0,8.53,194,60.5,30.5,680,643
day22,35:37.2,8.75,202,59.2,30.8,679,650
day22,45:38.4,8.82,203,58.9,30.7,681,654
day22,55:39.5,8.67,201,61.4,30.6,681,654
day22,05:40.7,8.34,201,60.9,30.6,680,658
day22,15:41.9,8.49,201,60,30.5,680,651
day22,25:43.0,8.56,198,60.1,30.6,680,655
day22,35:44.1,8.64,192,60.4,30.5,679,646
day22,45:45.3,8.71,201,60.8,30.6,680,647
day22,55:46.4,8.78,198,60.8,30.5,679,645
day22,05:47.5,8.86,196,59.9,30.7,680,655
day22,15:48.6,8.53,191,60.1,30.4,679,651
day22,25:49.6,8.82,189,61.3,30.3,680,650
day22,35:50.7,8.9,187,61.5,30,680,648
day22,45:51.8,8.78,192,63.5,30,680,647
day22,55:53.7,8.67,174,64.1,29.6,679,644
day22,05:55.7,8.9,158,63.4,29.6,680,645
day22,15:57.7,8.71,156,65.2,29.5,681,648
day22,25:59.5,8.71,136,65.3,29.5,680,650
day22,36:01.5,8.6,150,65.6,29.4,679,650
day22,46:03.4,8.53,150,65,29.2,679,645
day22,56:05.2,8.86,146,64.3,29.2,679,644
day22,06:06.9,8.97,131,65.8,29.1,680,650
day22,16:08.1,8.9,108,64.8,29.1,679,645
day22,26:09.9,8.78,55,65.6,29.1,679,646
day22,36:11.5,8.86,0,64.4,29,679,644
day23,34:52.3,6.94,217,60.7,32.6,676,555
day23,44:53.7,6.9,217,59.5,32.9,679,608
day23,54:55.0,7.12,215,60.6,33,680,622
day23,04:56.2,7.31,209,62.2,31.9,680,626
day23,14:57.5,7.42,209,62.4,31,681,634
day23,24:58.7,7.64,209,64.2,30.5,681,634
day23,35:00.0,7.86,210,64,30.5,680,637
day23,45:01.3,8.01,210,63.3,30.8,681,641
day23,55:02.6,8.19,210,62.9,30.8,681,643
day23,05:03.9,8.27,212,63.3,30.9,680,644
day23,15:05.2,8.38,212,61.5,31.1,681,648
day23,25:06.4,8.42,210,62.2,31,680,648
day23,35:07.7,8.49,205,61.9,31.3,680,649
day23,45:08.9,8.53,204,61,31,681,655
day23,55:10.2,8.53,210,61.3,30.9,680,655
day23,05:11.5,8.19,211,59.7,31.1,680,655
day23,15:12.8,8.42,209,60,31.3,680,650
day23,25:14.0,8.53,206,59.2,31,681,656
day23,35:15.2,8.49,204,58.8,30.9,681,659
day23,45:16.5,8.42,206,60.1,30.9,680,656
day23,55:17.7,8.42,206,58.8,31,680,661
day23,05:19.0,8.3,207,58.2,31.1,680,661
day23,15:20.2,8.34,206,57.2,31,679,655
day23,25:21.4,8.49,206,58.7,31,680,657
day23,35:22.7,8.42,207,59.7,31.1,680,659
day23,45:23.9,8.38,208,55.1,31.1,680,659
day23,55:25.2,8.45,207,56.5,31.1,681,660
day23,05:26.4,8.53,209,57.4,31.1,680,653
day23,15:27.6,8.45,207,59,31.3,679,655
day23,25:28.9,8.56,206,58.8,31,680,661
day23,35:30.1,8.49,206,56.5,31,681,661
day23,45:31.3,8.49,204,57.1,30.9,680,658
day23,55:32.5,8.42,203,57.8,31,679,648
day23,05:33.7,8.97,202,58.6,31,681,651
day23,15:34.8,8.67,200,59.2,31,679,654
day23,25:36.0,8.53,194,60.5,30.5,680,643
day23,35:37.2,8.75,202,59.2,30.8,679,650
day23,45:38.4,8.82,203,58.9,30.7,681,654
day23,55:39.5,8.67,201,61.4,30.6,681,654
day23,05:40.7,8.34,201,60.9,30.6,680,658
day23,15:41.9,8.49,201,60,30.5,680,651
day23,25:43.0,8.56,198,60.1,30.6,680,655
day23,35:44.1,8.64,192,60.4,30.5,679,646
day23,45:45.3,8.71,201,60.8,30.6,680,647
day23,55:46.4,8.78,198,60.8,30.5,679,645
day23,05:47.5,8.86,196,59.9,30.7,680,655
day23,15:48.6,8.53,191,60.1,30.4,679,651
day23,25:49.6,8.82,189,61.3,30.3,680,650
day23,35:50.7,8.9,187,61.5,30,680,648
day23,45:51.8,8.78,192,63.5,30,680,647
day23,55:53.7,8.67,174,64.1,29.6,679,644
day23,05:55.7,8.9,158,63.4,29.6,680,645
day23,15:57.7,8.71,156,65.2,29.5,681,648
day23,25:59.5,8.71,136,65.3,29.5,680,650
day23,36:01.5,8.6,150,65.6,29.4,679,650
day23,46:03.4,8.53,150,65,29.2,679,645
day23,56:05.2,8.86,146,64.3,29.2,679,644
day23,06:06.9,8.97,131,65.8,29.1,680,650
day23,16:08.1,8.9,108,64.8,29.1,679,645
day23,26:09.9,8.78,55,65.6,29.1,679,646
day23,36:11.5,8.86,0,64.4,29,679,644
day24,35:51.4,8.3,215,61.9,29.6,678,635
day24,45:52.7,8.53,216,61,30.1,678,648
day24,55:54.0,8.6,216,60.5,30.1,679,652
day24,05:55.4,8.75,215,60.5,29.9,680,638
day24,15:56.7,9.01,216,61,30.1,678,647
day24,25:58.0,9.15,209,60.7,30.3,680,655
day24,35:59.3,9.19,211,58.6,29.8,679,658
day24,46:00.6,8.86,213,57.9,29.9,678,655
day24,56:01.9,8.6,214,59.3,29.7,679,651
day24,06:03.2,8.78,205,59.9,30.3,678,652
day24,16:04.4,8.86,209,60.3,30.1,678,651
day24,26:05.7,8.78,201,61.4,29.6,677,660
day24,36:06.8,8.78,210,58.5,30.2,680,653
day24,46:07.8,0,0,62.8,29.5,679,651
day27,55:07.1,9.97,220,68.8,30.6,682,394
day27,05:09.7,9.71,219,60.6,33,682,449
day27,58:25.9,9.49,220,56.3,36,679,272
day27,58:32.4,9.52,219,56.9,35.8,677,272
day27,08:34.1,10.56,220,56.7,35.8,679,276
day27,18:36.0,10.56,219,63.7,32.3,679,279
day27,28:37.8,10.96,219,64.7,31.9,681,287
day27,38:39.7,11.44,219,64.1,31.8,681,287
day27,48:41.5,11.26,219,65.3,31.9,679,293
day27,58:43.4,11.66,218,63.8,31.9,678,296
day27,08:45.2,11.77,218,64.7,31.8,679,299
day27,18:47.1,11.74,218,62.6,32,678,301
day27,28:48.9,11.92,217,61.7,31.8,677,299
day27,38:50.7,12.07,216,61.8,31.9,679,302
day27,48:52.5,12.59,216,46.3,32,680,319
day27,58:54.4,12.14,216,46.4,32,679,321
day27,08:56.2,10.63,215,45.8,31.9,679,326
day27,18:58.0,12.07,215,44.3,32.2,680,314
day27,28:59.8,11.07,214,46.2,31.9,679,325
day27,39:01.6,12.51,214,43.6,32.1,680,322
day27,49:03.2,11.22,213,44.9,31.9,677,309
day27,59:04.5,7.04,212,46.9,31.7,680,323
day27,09:05.8,8.98,212,47.2,31.5,680,313
day27,19:07.1,8.98,211,50.8,31.6,678,303
day27,29:08.4,9.03,210,45.5,31.7,678,305
day27,39:09.7,8.73,210,50.9,31.7,678,309
day27,49:10.9,8.73,209,50.2,31.3,678,315
day27,59:12.2,8.63,209,48.7,31.5,677,316
day27,09:13.4,8.58,208,48.9,31.2,680,323
day27,19:14.7,8.25,208,49.1,31.3,680,319
day27,29:16.0,8.28,208,50.3,31.3,679,322
day27,39:17.2,8.28,207,51.2,31.1,680,318
day27,49:18.5,8.22,207,52.1,31,680,309
day27,59:19.7,8.31,207,54,30.7,678,313
day27,09:20.9,8.04,206,54,30.8,680,321
day27,19:22.2,8.22,206,55.5,31,680,317
day27,29:23.4,8.02,206,56.2,30.8,680,319
day27,39:24.6,7.83,206,57.2,30.7,678,315
day27,49:25.9,7.72,205,56.2,30.5,678,311
day27,59:27.1,7.8,205,56.2,30.8,679,310
day27,09:28.3,7.72,204,57.5,30.8,680,312
day27,19:29.5,7.77,204,55.9,30.5,680,315
day27,29:30.7,7.77,204,57.1,30.6,680,317
day27,39:31.9,7.88,203,55.9,30.5,679,317
day27,49:33.1,7.99,204,54.9,30.3,679,311
day27,59:34.3,7.96,202,57.5,30.5,678,311
day27,09:35.5,7.94,201,58.1,30.2,680,317
day27,19:36.7,7.9,200,58.1,30.2,680,325
day27,29:37.9,7.94,199,57.2,30.2,680,318
day27,39:39.0,7.74,198,56.8,30,680,316
day27,49:40.1,7.82,197,58.2,30,678,325
day27,59:41.3,7.9,196,59.5,29.9,679,326
day27,09:42.4,8.02,194,59.8,29.9,677,323
day27,19:43.4,8.01,192,61,29.6,685,328
day27,29:44.5,7.9,188,61.1,29.4,679,320
day27,39:45.6,7.96,183,63,29.3,681,320
day27,49:47.6,7.99,175,62.3,29.4,678,321
day27,59:49.5,8.06,164,62.1,29.4,680,321
day27,09:51.3,7.94,145,63.6,29.1,677,307
day27,19:52.6,8.01,115,63.8,29.1,680,318
day26,49:51.2,7.71,213,64.1,32.7,682,406
day26,59:52.5,8.16,216,60.3,34.4,682,439
day26,09:53.8,8.38,211,58.5,34.9,681,470
day26,19:55.2,8.56,216,61.9,33.4,682,484
day26,29:56.5,8.86,216,61,33.1,681,497
day26,39:58.0,9.08,219,57.7,35,682,506
day26,49:59.3,9.23,220,55.1,36.3,683,521
day26,00:00.7,9.38,219,54.8,35.9,683,530
day26,10:02.1,9.56,219,52.8,36.3,683,540
day26,20:03.4,9.71,219,60.2,32,683,545
day26,30:05.1,9.89,218,61.1,31.7,679,541
day26,40:07.0,7.04,218,59.8,31.1,682,551
day26,50:08.8,7.15,218,59.4,31.5,682,547
day26,00:10.6,7.33,217,59.2,31.4,682,546
day26,10:12.5,7.56,217,59.3,31.4,681,555
day26,20:14.3,7.59,217,58.5,31.6,679,553
day26,30:16.1,7.74,216,58.1,31.5,681,556
day26,40:17.9,7.74,216,59,31.3,679,558
day26,50:19.8,7.93,216,58.4,31.5,681,563
day26,00:21.6,7.89,216,58.6,31.6,678,563
day26,10:23.4,7.96,215,57.2,31.5,680,565
day26,20:25.2,7.85,215,58.2,31.5,682,569
day26,30:27.0,7.89,214,58.6,31.6,680,563
day26,40:28.8,8.07,213,57.9,31.7,681,567
day26,50:30.6,7.96,213,58,31.7,681,568
day26,00:32.3,8.22,212,57.5,31.5,682,567
day26,10:34.1,8.18,211,56.1,31.2,679,567
day26,20:35.9,8.26,210,59.9,31.3,680,571
day26,30:37.6,8.26,210,58.2,31.4,681,568
day26,40:39.4,8.48,209,57.7,31.1,679,571
day26,50:41.1,8.66,208,59,31.1,681,571
day26,00:42.8,8.74,207,60.3,30.8,679,575
day26,10:44.6,8.77,207,59.9,31.2,681,576
day26,20:46.3,9.07,207,55.5,31,679,585
day26,30:48.0,9.07,207,58.4,31.2,679,576
day26,40:49.7,9.48,207,57.5,31.1,681,577
day26,50:51.5,9.55,206,57.1,31,682,592
day26,00:53.2,9.44,206,58,30.9,680,579
day26,10:54.9,9.55,205,60.1,31,682,594
day26,20:56.6,9.84,206,58.9,30.9,682,587
day26,30:58.3,10.03,205,58.2,30.8,679,596
day26,41:00.0,9.81,204,60.7,30.9,678,601
day26,51:01.7,9.7,204,59.3,30.6,680,595
day26,01:03.4,9.51,204,59.2,30.5,681,599
day26,11:05.0,9.7,203,61.1,30.7,682,595
day26,21:06.7,10.1,202,62.4,30.6,681,589
day26,31:08.4,10.4,202,63.5,30.4,679,585
day26,41:10.1,10.14,202,63.8,30.3,681,588
day26,51:11.7,10.03,201,63.1,30.2,681,599
day26,01:13.4,10.29,201,61,30.3,681,599
day26,11:15.0,10.4,200,63.8,30.1,679,598
day26,21:16.7,10.51,199,64,29.9,681,610
day26,31:18.3,10.55,199,63.5,30,679,608
day26,41:19.9,10.58,198,63.6,30,681,609
day26,51:21.5,10.58,197,64.8,29.8,680,607
day26,01:23.1,10.62,195,67.1,29.6,681,600
day26,11:24.7,10.69,194,66.3,29.6,681,605
day26,21:26.2,9.51,191,66.7,29.6,681,605
day26,31:27.7,9.25,187,67.6,29.5,681,609
day26,41:29.1,9.4,182,68.6,29.5,681,609
day26,51:30.4,9.25,173,68.7,29.2,681,610
day26,01:31.6,9.22,161,69.1,29.3,679,605
day26,11:32.6,9.25,141,69.8,29.1,681,604
day26,21:34.0,9.44,108,70.5,28.8,680,596
day26,31:35.1,8.92,38,70.9,29,681,593
day26,41:37.0,9.48,0,71,28.9,681,591
day25,18:46.0,7.07,150,70.7,27.7,682,408
day25,28:47.6,7.99,181,70.7,27.8,679,430
day25,08:37.2,7.64,195,68.5,30,677,427
day25,18:38.5,7.68,195,69.4,29.8,682,447
day25,28:39.7,6.93,210,67.6,30.2,680,460
day25,38:40.9,7.41,200,69,30.1,680,475
day25,48:42.2,7.74,209,69.3,29.9,682,490
day25,58:43.5,7.86,207,68.3,30,680,489
day25,08:45.0,7.97,207,67.6,30.3,679,497
day25,18:46.3,7.97,206,67.3,30.3,680,497
day25,28:47.6,7.97,206,66.9,30.2,681,498
day25,38:48.8,8,202,67.9,30.4,681,492
day25,48:50.0,7.71,194,67,30.1,682,502
day25,58:51.1,7.71,194,66.9,30.1,680,498
day25,08:52.2,7.56,195,67.4,30,682,496
day25,18:53.4,7.74,193,67.5,29.9,679,501
day25,28:54.5,7.34,195,68.3,29.9,679,516
day25,38:55.6,7.12,195,66.3,30,682,514
day25,48:56.7,7.41,192,65.3,30.2,680,532
day25,58:57.8,7.19,187,65.5,29.7,682,522
day25,08:59.0,7.15,192,65.9,30,681,531
day25,19:00.0,7.12,198,64.4,29.8,681,518
day25,29:01.1,7.19,197,66.1,29.8,683,521
day25,39:02.2,7.08,184,66,29.9,679,525
day25,49:03.3,7.01,196,64.7,30,679,529
day25,59:04.4,7.08,193,65.7,30,682,533
day25,09:05.5,7.15,196,66.7,30.1,682,545
day25,19:06.6,6.71,193,64.6,29.8,685,568
day25,29:07.7,6.75,193,66.8,29.9,682,543
day25,39:08.7,7.01,190,65.5,30,681,547
day25,49:09.8,7.04,188,64.8,29.8,681,552
day25,59:10.8,6.71,187,66.6,29.7,680,549
day25,09:11.9,6.9,186,68.3,29.6,679,549
day25,19:14.0,6.86,182,68.7,29.5,682,550
day25,29:15.0,6.82,178,68.8,29.5,682,548
day25,39:17.1,6.9,181,69.4,29.4,681,545
day25,49:19.1,6.86,164,70.2,29.3,682,551
day25,59:21.2,6.75,161,68.8,29.2,680,552
day25,09:23.2,6.71,163,69,29.2,682,555
day25,19:25.0,6.82,151,68.7,29.2,679,554
day25,29:26.6,6.6,121,69.5,28.9,681,550
day25,39:28.3,6.9,122,71.4,29.1,680,535
day25,49:30.0,6.97,136,71.5,29,682,531
day25,59:31.4,6.86,106,71.5,28.8,683,519
day25,09:32.5,7.08,90,70.9,28.9,682,513
day25,19:34.4,6.97,56,71.7,28.8,679,512
day25,29:36.0,7.01,0,72.6,28.8,679,517
day25,39:37.6,6.97,0,72.7,28.7,679,518